{
    "Position": {
        "x": -20.0,
        "y": 0.0,
        "z": -150.0
    },
    "QuaRot": {
        "w": 6.123233995736766e-17,
        "x": 0.0,
        "y": 1.0,
        "z": 0.0
    },
    "Rotation": {
        "x": -0.0,
        "y": 3.1415927410125732,
        "z": 0.0
    }
}